BatchID,BatchName
1,Batch-067a5de8
2,Batch-1111a539
3,Batch-9d7f9910
4,Batch-db0f009d
5,Batch-d9c9ba6d
6,Batch-8d1a6717
7,Batch-a06d7315
8,Batch-f304d260
9,Batch-dd85a6ea
10,Batch-fd08eb16
11,Batch-20f09f9b
12,Batch-200fb26b
13,Batch-34cf444b
14,Batch-418c0b62
15,Batch-9d1f266e
16,Batch-d92fe1a9
17,Batch-a8b2d49b
18,Batch-e7e150e9
19,Batch-6a9e5eee
20,Batch-4e0f236f
21,Batch-2d602819
22,Batch-1c998b43
23,Batch-1f01e867
24,Batch-90adad82
25,Batch-5a7ec5eb
26,Batch-04b102d7
27,Batch-45d572df
28,Batch-35477731
29,Batch-42849f98
30,Batch-69128498
31,Batch-fed06475
32,Batch-95d99b33
33,Batch-50dfba9b
34,Batch-e1f1a362
35,Batch-66c8fac4
36,Batch-d7e082a0
37,Batch-b082b049
38,Batch-cd14e4d1
39,Batch-5af060d8
40,Batch-9c50e05b
41,Batch-d84ca788
42,Batch-9c5f75e1
43,Batch-76feb983
44,Batch-67553b85
45,Batch-65d6818d
46,Batch-bf49ee50
47,Batch-c0f50dd7
48,Batch-8fc74ef9
49,Batch-0bee203f
50,Batch-79b4defa
51,Batch-ed89e63e
52,Batch-cf0dab1d
53,Batch-4d18d4b4
54,Batch-88a4b184
55,Batch-aa8c761a
56,Batch-5fa67a24
57,Batch-7dc30080
58,Batch-995aebde
59,Batch-3e6a1385
60,Batch-fe10fe4f
61,Batch-a90ed7ff
62,Batch-121eaf48
63,Batch-62a67e92
64,Batch-81900da3
65,Batch-664ea846
66,Batch-231e2d1e
67,Batch-e9799f49
68,Batch-c03a2c31
69,Batch-bffbed90
70,Batch-61fbd091
71,Batch-9a43c271
72,Batch-36e50f9f
73,Batch-81254a78
74,Batch-7d9904c5
75,Batch-5883d3ff
76,Batch-cc762956
77,Batch-b6b7fd29
78,Batch-aa27a83a
79,Batch-6d740479
80,Batch-01a43019
81,Batch-2d6e1580
82,Batch-d1b449e5
83,Batch-117b9373
84,Batch-4c2698f0
85,Batch-00031b57
86,Batch-0dfbd802
87,Batch-705a3615
88,Batch-342b99db
89,Batch-91546429
90,Batch-fe89b83b
91,Batch-4fd465a1
92,Batch-08fbacae
93,Batch-28bd8c49
94,Batch-0264d839
95,Batch-39803b35
96,Batch-4787de18
97,Batch-09eb49d7
98,Batch-4e80f0c9
99,Batch-02adf5ff
100,Batch-cfddd279
101,Batch-4deaedb2
102,Batch-ae00e9ca
103,Batch-428f80b0
104,Batch-0987acad
105,Batch-5718c7fa
106,Batch-2fdcfcc0
107,Batch-7157ee85
108,Batch-113fd25c
109,Batch-d966fde3
110,Batch-98031193
111,Batch-50f2698d
112,Batch-6429459c
113,Batch-d0da272e
114,Batch-f980736e
115,Batch-84f97739
116,Batch-1f03dc49
117,Batch-31863008
118,Batch-a8b96db0
119,Batch-7e30feab
120,Batch-b451184e
121,Batch-655cf39c
122,Batch-0c45e31a
123,Batch-23bf28df
124,Batch-4739ccaf
125,Batch-8d21c29c
126,Batch-a7242cb1
127,Batch-e1ce421b
128,Batch-e7c6bcb0
129,Batch-efc9d2de
130,Batch-cac29cf7
131,Batch-03ad46f1
132,Batch-dba123c3
133,Batch-f26309eb
134,Batch-adc63964
135,Batch-f27252fa
136,Batch-f5c42ae8
137,Batch-8e8b766d
138,Batch-bc65ef0e
139,Batch-d2ea24ac
140,Batch-29f13e22
141,Batch-a17a865c
142,Batch-c576fefa
143,Batch-ee9915d5
144,Batch-dacb2467
145,Batch-38638fbb
146,Batch-9e1a86e3
147,Batch-5fa775c8
148,Batch-451a34aa
149,Batch-43dbf675
150,Batch-5ea36fd2
151,Batch-8b0150b8
152,Batch-81effd9c
153,Batch-ec28bf69
154,Batch-f5c4fc90
155,Batch-5b9a6cdf
156,Batch-77c583be
157,Batch-21dc6c29
158,Batch-dc1f7a64
159,Batch-b2499279
160,Batch-b35a8f0e
161,Batch-cf8d13ce
162,Batch-959473d0
163,Batch-6ab76722
164,Batch-8040b0f7
165,Batch-a72e4e0a
166,Batch-6657d7e4
167,Batch-4b9bdf6d
168,Batch-069a09c7
169,Batch-653a2dc7
170,Batch-45c4ddc8
171,Batch-3ec080da
172,Batch-55ca52a2
173,Batch-50e65e76
174,Batch-563c26f0
175,Batch-3c7753af
176,Batch-aefca330
177,Batch-61af0548
178,Batch-330e5168
179,Batch-0936d0d9
180,Batch-4ae8fb14
181,Batch-bab4e808
182,Batch-b70753f3
183,Batch-3bf407cb
184,Batch-4872335c
185,Batch-bedda4fa
186,Batch-c7aeb994
187,Batch-e3eb4d2a
188,Batch-2ced0c3b
189,Batch-c8290c29
190,Batch-99a4ed83
191,Batch-73ccf85f
192,Batch-a4022bc2
193,Batch-6b9dee9f
194,Batch-655df153
195,Batch-32e4006f
196,Batch-5ad1e160
197,Batch-1e0c787f
198,Batch-965c3e8e
199,Batch-d044e0a0
200,Batch-e3147258
